{
    "hasselblad l1d-20c 2048 1365 brown 0.7777": {
        "projection_type": "brown",
        "width": 2048,
        "height": 1365,
        "focal_x": 0.7869731508570769,
        "focal_y": 0.7869731508570769,
        "c_x": -0.00014990067031489713,
        "c_y": -0.004125532042215428,
        "k1": -0.002277400455264292,
        "k2": -0.002121108328815899,
        "p1": -0.0016684739164781355,
        "p2": 0.0005169502811450821,
        "k3": -0.001805449554565673
    }
}