{
  "boundary":
  {
    "area": 18978.51371,
    "avg_pt_per_sq_unit": 0.04433159806,
    "avg_pt_spacing": 0.1216100704,
    "boundary": "MULTIPOLYGON (((442676.45 5444220.0,442679.95 5444222.6,442682.95 5444220.9,442685.95 5444222.6,442691.45 5444221.8,442693.45 5444223.5,442695.95 5444222.6,442699.45 5444225.2,442706.45 5444225.2,442709.95 5444227.8,442715.45 5444227.0,442720.45 5444230.4,442722.95 5444226.1,442724.95 5444231.3,442727.45 5444230.4,442730.95 5444233.0,442739.45 5444232.2,442741.45 5444233.9,442745.45 5444233.9,442747.45 5444232.2,442749.95 5444233.0,442750.45 5444230.4,442754.45 5444230.4,442756.45 5444232.2,442761.95 5444231.3,442761.95 5444234.7,442763.95 5444236.5,442767.95 5444236.5,442768.45 5444233.9,442770.95 5444233.0,442775.45 5444235.6,442775.95 5444239.9,442779.95 5444241.7,442781.45 5444239.1,442781.95 5444241.7,442784.45 5444240.8,442787.95 5444243.4,442782.95 5444252.1,442786.45 5444256.4,442784.95 5444267.7,442782.95 5444271.1,442780.45 5444272.0,442779.95 5444274.6,442775.95 5444272.9,442775.45 5444275.5,442772.45 5444277.2,442774.45 5444278.9,442774.45 5444284.1,442777.45 5444284.1,442776.95 5444286.7,442773.95 5444288.4,442777.45 5444289.3,442777.45 5444296.2,442775.45 5444298.0,442775.95 5444302.3,442773.95 5444304.0,442774.45 5444310.1,442772.45 5444311.8,442772.95 5444317.9,442770.95 5444319.6,442771.45 5444322.2,442764.95 5444326.5,442768.45 5444329.1,442768.45 5444339.5,442764.95 5444345.6,442763.95 5444359.5,442760.45 5444362.1,442762.45 5444363.8,442758.95 5444364.7,442759.45 5444367.3,442762.45 5444369.0,442760.45 5444370.7,442760.95 5444375.0,442758.95 5444376.8,442759.45 5444382.8,442757.45 5444384.6,442757.95 5444388.9,442754.45 5444391.5,442751.95 5444390.6,442751.45 5444393.2,442747.45 5444395.0,442748.95 5444397.6,442748.45 5444400.2,442745.95 5444399.3,442745.45 5444396.7,442735.45 5444396.7,442731.95 5444394.1,442727.95 5444394.1,442725.95 5444395.8,442723.45 5444395.0,442722.95 5444390.6,442719.95 5444390.6,442723.45 5444386.3,442722.95 5444383.7,442720.45 5444384.6,442719.95 5444382.0,442716.95 5444383.7,442714.45 5444382.8,442712.45 5444384.6,442708.45 5444382.8,442706.45 5444381.1,442706.45 5444377.6,442709.95 5444376.8,442706.45 5444374.2,442702.45 5444374.2,442698.95 5444376.8,442690.45 5444374.2,442689.95 5444369.8,442692.95 5444368.1,442692.95 5444366.4,442688.95 5444364.7,442684.45 5444367.3,442682.45 5444365.5,442685.45 5444363.8,442685.45 5444362.1,442682.45 5444363.8,442679.45 5444362.1,442675.45 5444362.1,442674.95 5444350.8,442670.95 5444350.8,442668.95 5444347.3,442665.95 5444345.6,442663.45 5444346.5,442661.45 5444344.7,442657.45 5444344.7,442656.95 5444342.1,442658.95 5444340.4,442658.45 5444336.1,442655.45 5444334.3,442651.45 5444334.3,442650.95 5444331.7,442652.45 5444329.1,442643.45 5444327.4,442643.45 5444318.8,442645.45 5444317.0,442643.45 5444315.3,442648.45 5444306.6,442645.45 5444304.9,442644.95 5444302.3,442640.95 5444302.3,442640.45 5444299.7,442637.45 5444301.4,442635.95 5444300.6,442635.95 5444290.2,442640.95 5444286.7,442638.95 5444283.2,442638.95 5444276.3,442643.45 5444275.5,442643.95 5444272.9,442637.45 5444270.3,442634.95 5444272.9,442631.45 5444270.3,442631.95 5444267.7,442634.45 5444266.8,442637.95 5444260.7,442635.95 5444257.3,442639.45 5444254.7,442638.95 5444250.3,442634.45 5444247.7,442634.45 5444242.5,442643.45 5444237.3,442643.95 5444233.0,442649.45 5444232.2,442649.95 5444227.8,442647.95 5444226.1,442649.95 5444224.4,442652.45 5444225.2,442652.95 5444227.8,442657.45 5444225.2,442661.45 5444225.2,442661.95 5444227.8,442667.45 5444228.7,442667.95 5444222.6,442673.45 5444225.2,442676.45 5444220.0),(442648.45 5444235.6,442648.45 5444233.9,442652.45 5444233.9,442650.95 5444236.5,442652.45 5444239.1,442649.95 5444238.2,442648.45 5444235.6)),((442638.95 5444231.3,442639.45 5444233.9,442642.45 5444233.9,442637.95 5444236.5,442637.45 5444232.2,442638.95 5444231.3)),((442667.45 5444348.2,442667.95 5444352.5,442666.45 5444353.4,442665.95 5444349.1,442667.45 5444348.2)))",
    "boundary_json": { "type": "MultiPolygon",